,cause_of_death,category,logprobs
0,benign paroxysmal vertigo,none,-0.00027367304357994726
1,occupant [any] of heavy transport vehicle injured in other specified transport accidents,none,-6.987475060782344e-06
2,other specified diabetes mellitus with ketoacidosis,none,-9.680632473418882e-07
3,senile degeneration of brain not elsewhere classified,none,-0.00038207058214823064
4,hirschsprung disease,none,-9.384489629837844e-07
5,renal agenesis unspecified,none,-5.277686140914284e-05
6,abdominal aortic aneurysm without mention of rupture,none,-0.0017203581933529222
7,cardiomyopathy in the puerperium,none,-1.1320616266630168e-06
8,follicular lymphoma grade iiib,none,-0.00033805429532662856
9,labyrinthitis,none,-8.936542741366793e-07
10,other spondylosis,none,-1.4448779239728538e-06
11,mental and behavioural disorders due to use of cannabinoids unspecified mental and behavioural disorder,none,-3.249631343749115e-05
12,malignant neoplasm pancreatic duct,pancreatic cancer,-5.9890511039384364e-06
13,oral mucositis ulcerative,none,-0.020549675347282914
14,unilateral or unspecified femoral hernia with obstruction without gangrene,none,-1.3256742619205397e-06
15,cutaneous abscess furuncle and carbuncle of other sites,none,-1.6226132657948256e-05
16,tricuspid valve disease unspecified,none,-0.0008077995537405513
17,stenosis of larynx,none,-0.6938711252715422
18,socialized conduct disorder,none,-7.744505978735106e-07
19,war operations involving other explosions and fragments,none,-1.4000832493366033e-06
20,other disorders of bilirubin metabolism,none,-3.872252989367553e-07
21,severe combined immunodeficiency [scid] with low or normal b-cell numbers,none,-5.892991229927702e-05
22,acute vascular disorders of intestine,none,-2.3571963950530517e-05
23,ventricular fibrillation and flutter,none,-0.020569443702697754
24,other myelodysplastic syndromes,none,-0.02749231931676377
25,malignant neoplasm spinal cord,none,-3.8137709452712443e-06
26,lymphocytic choriomeningitis,none,-1.5640816002360225e-06
27,other reduction deformities of brain,none,-1.593695898804981e-06
28,herpesviral encephalitis,none,-1.444877909761999e-06
29,thiamine deficiency unspecified,none,-1.4000832493366033e-06
30,pedestrian injured in collision with heavy transport vehicle or bus nontraffic accident,none,-3.6345921898828237e-06
31,pulmonary embolism with mention of acute cor pulmonale,pulmonary disease,-0.3485112476394221
32,disorder of brain unspecified,none,-1.0533971021686739e-05
33,rupture of uterus during labour,none,-1.3752469854466653e-05
34,malignant neoplasm of other and ill-defined sites head face and neck,none,-0.0319508859475377
35,hypomania,none,-3.6649528993848435e-06
36,fetus and newborn affected by other and unspecified morphological and functional abnormalities of placenta,none,-0.000341306058714963
37,candidal stomatitis,none,-2.204894627766407e-06
38,other neonatal gastrointestinal haemorrhage,none,-5.808379484051329e-07
39,other specified disorders of bone density and structure,none,-5.808379484051329e-07
40,cyclothymia,none,-8.192452867206157e-07
41,emphysema unspecified,pulmonary disease,-3.024139957119587e-06
42,other specified disorders of urinary system,none,-3.5457492373325294e-06
43,cystitis unspecified,none,-1.0128579361889933e-06
44,benign neoplasm brain unspecified,none,-1.8024889243406506e-06
45,other specified disorders of carbohydrate metabolism,none,-1.087266923605057e-06
46,herpesviral infection unspecified,none,-8.936542741366793e-07
47,airway disease due to other specific organic dusts,none,-0.04860609662547688
48,other specified myoneural disorders,none,-0.0006352833406424452
49,malignant neoplasm choroid,none,-1.712899560857295e-06
50,malignant neoplasm clitoris,none,-8.936542741366793e-07
51,benign neoplasm thymus,none,-9.384489629837844e-07
52,congenital malformation of oesophagus unspecified,none,-2.3985072488130754e-06
53,malignant neoplasm anterior wall of bladder,bladder cancer,-7.985899173945654e-06
54,other specified mycoses,none,-5.06428975199924e-07
55,predominantly allergic asthma,pulmonary disease,-0.5231635709868101
56,hyperchylomicronaemia,none,-1.638490587652086e-06
57,insulin-dependent diabetes mellitus with renal complications,none,-2.3089178995405746e-06
58,other osteoporosis,none,-1.132061612452162e-06
59,unspecified pulmonary haemorrhage originating in the perinatal period,none,-0.01252883588894349
60,hellp syndrome,none,-0.00024074269536811244
61,progressive systemic sclerosis,none,-1.7576942354935454e-06
62,mucopolysaccharidosis unspecified,none,-7.744505978735106e-07
63,malignant neoplasm hypopharynx unspecified,larynx cancer,-0.22775567945888042
64,pneumothorax originating in the perinatal period,none,-7.956284861165841e-06
65,calculus in urethra,none,-2.8753219538657504e-06
66,malignant neoplasm of other and ill-defined sites thorax,lung cancer,-0.12725849262467648
67,mononeuropathy unspecified,none,-1.8024889243406506e-06
68,toxic epidermal necrolysis [lyell],none,-3.381750858011401e-06
69,balanoposthitis,none,-8.640399755677208e-07
70,person on ground injured in air transport accident,none,-3.188138208543023e-06
71,central demyelination of corpus callosum,none,-1.8024889101297958e-06
72,fistula of intestine,none,-2.3537125599659703e-06
73,myotonic disorders,none,-3.872252989367553e-07
74,noninfective gastroenteritis and colitis unspecified,none,-8.936542741366793e-07
75,other specified general symptoms and signs,none,-5.808379484051329e-07
76,benign neoplasm other specified endocrine glands,none,-3.872252989367553e-07
77,malignant neoplasm hepatoblastoma,none,-5.808379484051329e-07
78,duodenal ulcer chronic or unspecified with haemorrhage,none,-2.8153468747404986e-06
79,pyothorax with fistula,none,-0.0007111950102256515
80,chronic kidney disease stage 3,none,-0.023644957156733426
81,respiratory conditions due to unspecified external agent,none,-0.02975987580411754
82,unspecified abdominal hernia with obstruction without gangrene,none,-2.740937887324435e-06
83,tuberculosis of genitourinary system,none,-6.123435298377444e-06
84,chronic respiratory failure,pulmonary disease,-0.016682435208892343
85,embolism and thrombosis of unspecified artery,none,-0.004041608893544435
86,other specified nontoxic goitre,none,-1.728079936924587e-06
87,neoplasm of uncertain or unknown behaviour breast,none,-4.886603846898652e-06
88,other and unspecified water transport accidents other unpowered watercraft,none,-1.290286377297889e-05
89,occupant of streetcar injured in derailment without antecedent collision,none,-4.469017852670731e-06
90,other specified leukaemias,none,-0.2014780483857237
91,cerebral infarction due to embolism of cerebral arteries,cerebrovascular disease,-0.00018080502398731824
92,neurasthenia,none,-1.0128579361889933e-06
93,other pemphigus,none,-8.192452867206157e-07
94,toxic liver disease with other disorders of liver,none,-3.798590483938824e-06
95,psoriasis unspecified,none,-2.0856909088706743e-06
96,malignant neoplasm overlapping lesion of skin,none,-0.0003433773159855491
97,other specified pulmonary heart diseases,pulmonary disease,-0.06200499020482653
98,carcinoma in situ oesophagus,esophageal cancer,-0.0052670643643892845
99,other shock,none,-3.1137292211269596e-06
100,pedal cyclist injured in collision with railway train or railway vehicle driver injured in traffic accident,none,-1.685101824477897e-05
101,sickle-cell anaemia without crisis,none,-1.3256742619205397e-06
102,mesothelioma of other sites,none,-7.106678779678077e-06
103,subcortical vascular dementia,none,-0.11283846156287325
104,annular pancreas,none,-1.1320615982413074e-06
105,malignant neoplasm branchial cleft,none,-5.609938413897453e-05
106,yellow fever unspecified,none,-9.384489629837844e-07
107,malignant neoplasm spleen,none,-2.204894641977262e-06
108,occupant of heavy transport vehicle injured in collision with heavy transport vehicle or bus driver injured in traffic accident,none,-0.0010489173118770623
109,cerebral palsy unspecified,none,-2.115305250072197e-06
110,spondyloepiphyseal dysplasia,none,-1.638490587652086e-06
111,staphylococcal arthritis and polyarthritis,none,-1.3704689365567901e-06
112,secondary hypertension unspecified,none,-0.0017837283033088625
113,other specified necrotizing vasculopathies,none,-8.522688730749906e-06
114,embolism and thrombosis of arteries of extremities unspecified,none,-0.00014507796268503625
115,varicose veins of lower extremities with ulcer,none,-1.519286925599772e-06
116,other disorders of purine and pyrimidine metabolism,none,-2.279303600971616e-06
117,adult hypertrophic pyloric stenosis,none,-2.085690923081529e-06
118,other specified inflammation of vagina and vulva,none,-1.8321032513313185e-06
119,other multiple valve diseases,none,-8.388304706841154e-06
120,other aircraft accidents injuring occupant,none,-0.00021364233973031332
121,trifascicular block,none,-0.03366340270247292
122,congenital malformation of intestine unspecified,none,-1.4000832351257486e-06
123,respiratory disorder unspecified,pulmonary disease,-0.07891841150940593
124,unspecified diabetes mellitus with peripheral circulatory complications,none,-2.5921198840705983e-06
125,rupture of chordae tendineae not elsewhere classified,none,-8.655629261511422e-05
126,petrositis,none,-1.0128579361889933e-06
127,cervicobrachial syndrome,none,-1.206470585657371e-06
128,other sickle-cell disorders,none,-1.3256742619205397e-06
129,other specified respiratory disorders,pulmonary disease,-1.9503860684721985e-05
130,tuberculous peripheral lymphadenopathy,none,-2.3833268585349288e-06
131,bus occupant injured in collision with heavy transport vehicle or bus driver injured in traffic accident,none,-3.645964800114143e-05
132,suppurative otitis media unspecified,none,-0.001333600252834799
133,person injured in collision between other specified motor vehicles nontraffic,none,-4.20099621578629e-06
134,congenital pulmonary valve insufficiency,none,-1.6088762606614182e-06
135,nodular lymphocyte predominant hodgkin lymphoma,none,-5.8766658952436046e-05
136,occipital encephalocele,none,-1.2512652887153308e-06
137,bacterial pneumonia unspecified,none,-0.048599365439017106
138,ultralight microlight or powered-glider accident injuring occupant,none,-1.726860429585031e-05
139,car occupant injured in collision with car pick-up truck or van unspecified car occupant injured in traffic accident,none,-3.920058607320698e-05
140,sequelae of intentional self-harm,none,-3.321775835729568e-06
141,seborrhoeic dermatitis unspecified,none,-1.1616758968102658e-06
142,glycogen storage disease,none,-1.6384905734412314e-06
143,occupant of pick-up truck or van injured in collision with fixed or stationary object driver injured in traffic accident,none,-2.734019474814886e-05
144,malignant neoplasm central nervous system unspecified,none,-0.0010441347310603533
145,other nonrheumatic tricuspid valve disorders,none,-4.8440736989618927e-05
146,acute haematogenous osteomyelitis,none,-1.7576942497044001e-06
147,recurrent depressive disorder current episode severe without psychotic symptoms,none,-6.07864055268692e-06
148,whole chromosome trisomy mosaicism mitotic nondisjunction,none,-3.6201582105377383e-06
149,cerebral infarction due to thrombosis of cerebral arteries,cerebrovascular disease,-4.121336087337113e-05
150,other specified osteochondrodysplasias,none,-1.4706098610872687e-05
151,mental and behavioural disorders due to use of alcohol unspecified mental and behavioural disorder,none,-1.6239819728980365e-05
152,giardiasis [lambliasis],none,-6.391456821575048e-06
153,pedestrian injured in collision with two- or three-wheeled motor vehicle traffic accident,none,-1.2663709910043508e-05
154,fibromyalgia,none,-2.4729162646508485e-06
155,hyperostosis of skull,none,-3.4561598880600286e-06
156,malignant neoplasm nipple and areola,none,-2.9793452256399178e-06
157,orthostatic hypotension,none,-3.872252989367553e-07
158,alcoholic myopathy,none,-8.936542741366793e-07
159,ulcer of intestine,none,-1.4896726128199589e-06
160,malignant neoplasm other specified male genital organs,none,-0.04300833437297058
161,birth injury to spine and spinal cord,none,-7.448362993045521e-07
162,obstructive hypertrophic cardiomyopathy,none,-0.0002674744385018357
163,neoplasm of uncertain or unknown behaviour other digestive organs,none,-6.94268058509806e-06
164,qualitative platelet defects,none,-7.000416246683017e-07
165,rupture of bladder nontraumatic,none,-2.6284034490231534e-05
166,lymphangitis,none,-7.744505978735106e-07
167,unspecified diabetes mellitus with ophthalmic complications,none,-1.325674247709685e-06
168,gilbert syndrome,none,-2.8305272934403547e-06
169,malignant neoplasm other specified female genital organs,none,-1.2960599491407265e-06
170,excessive and frequent menstruation with regular cycle,none,-1.9361264946837764e-07
171,degenerative disease of basal ganglia unspecified,none,-1.5640816002360225e-06
172,secondary and unspecified malignant neoplasm intra-abdominal lymph nodes,none,-3.8289511081757155e-06
173,chronic kidney disease stage 2,none,-0.03385139587705055
174,malignant neoplasm malignant melanoma of skin unspecified,none,-2.1897142516991153e-06
175,primary hyperaldosteronism,none,-5.06428975199924e-07
176,other maternal infectious and parasitic diseases complicating pregnancy childbirth and the puerperium,none,-3.251149345828708e-05
177,congenital absence atresia and stenosis of ileum,none,-1.2679637066526084e-05
178,ischiorectal abscess,none,-3.1081794645615446e-05
179,malignant neoplasm palate unspecified,oral cavity cancer,-0.0699616442318387
180,extremely low birth weight,none,-0.001337205977023359
181,other and unspecified intestinal obstruction,none,-4.09697284453614e-06
182,sequelae of adverse effects caused by drugs medicaments and biological substances in therapeutic use,none,-4.685997969033906e-05
183,obsessive-compulsive disorder unspecified,none,-3.932974436793302e-06
184,other benign neoplasm cervix uteri,none,-2.14491956285201e-06
185,ischaemia and infarction of kidney,none,-0.20196246996256662
186,actinomycosis unspecified,none,-7.000416246683017e-07
187,karyotype 47xxx,none,-2.023426158359598e-05
188,malignant neoplasm vallecula,none,-0.5848459887549353
189,echinococcus multilocularis infection unspecified,none,-2.264123224904324e-06
190,other hypoparathyroidism,none,-1.4000832493366033e-06
191,coeliac disease,none,-2.3985072488130754e-06
192,other specific arthropathies not elsewhere classified,none,-0.001712091805586624
193,spastic hemiplegia,none,-3.8289513071276815e-06
194,benign neoplasm bladder,none,-0.061973909938032534
195,other congenital malformations of pharynx,none,-4.0225638855417856e-06
196,cleft palate unspecified,none,-7.000416246683017e-07
197,alzheimer disease unspecified,none,-1.3256742619205397e-06
198,congenital subaortic stenosis,none,-2.3985072346022207e-06
199,other specified degenerative diseases of basal ganglia,none,-1.8024889243406506e-06
200,malignant neoplasm of other and ill-defined sites abdomen,none,-4.726313432001916e-05
201,gastrojejunal ulcer acute with haemorrhage,none,-4.27540516056979e-06
202,neoplasm of uncertain or unknown behaviour other specified sites,none,-9.669184279914589e-06
203,infantile spinal muscular atrophy type i [werdnig-hoffman],none,-0.00011126032245556416
204,nonpyogenic thrombosis of intracranial venous system,none,-0.0026837898970768492
205,acute pulmonary manifestations due to radiation,pulmonary disease,-0.5759718857254086
206,rupture of papillary muscle not elsewhere classified,none,-0.03367638896766323
207,localization-related focalpartial idiopathic epilepsy and epileptic syndromes with seizures of localized onset,none,-4.639834831721146e-05
208,stenosis of pulmonary artery,pulmonary disease,-0.07010962746441862
209,immunoproliferative small intestinal disease,none,-9.580341540527115e-06
210,cutaneous abscess furuncle and carbuncle of buttock,none,-1.2068438138612692e-05
211,varicella encephalitis,none,-1.2064705998682257e-06
212,atherosclerotic heart disease,ischaemic heart disease,-4.370220462135421e-05
213,unspecified car occupant injured in collision with other and unspecified motor vehicles in traffic accident,none,-1.1948487752988513e-05
214,scoliosis unspecified,none,-1.7576942354935454e-06
215,vesicoureteral-reflux-associated uropathy,none,-5.557031272473978e-06
216,refractory anaemia with ringed sideroblasts,none,-0.0022277843673634834
217,mental and behavioural disorders due to use of opioids unspecified mental and behavioural disorder,none,-1.6016592624623627e-05
218,turner syndrome unspecified,none,-1.5640816002360225e-06
219,acquired haemolytic anaemia unspecified,none,-1.7576942354935454e-06
220,familial dysautonomia [riley-day],none,-7.777106219464258e-06
221,neoplasm of uncertain or unknown behaviour bone and articular cartilage,none,-9.549980717338258e-06
222,migraine with aura [classical migraine],none,-3.500954619539698e-06
223,car occupant injured in noncollision transport accident passenger injured in nontraffic accident,none,-1.6001412575405993e-05
224,functional intestinal disorder unspecified,none,-2.5473252378560574e-06
225,chronic obstructive pulmonary disease with acute lower respiratory infection,pulmonary disease,-9.266778619121396e-06
226,congenital malformation of nervous system unspecified,none,-2.9793452256399178e-06
227,inflammatory myopathy not elsewhere classified,none,-4.544173279441566e-06
228,tuberculosis of adrenal glands,none,-0.001180923415944335
229,benign neoplasm respiratory system unspecified,none,-0.002547894257517669
230,duodenal ulcer unspecified as acute or chronic without haemorrhage or perforation,none,-2.815346860529644e-06
231,ventral hernia with gangrene until 2013,none,-2.94973089864925e-06
232,spontaneous rupture of unspecified tendon,none,-1.012857950399848e-06
233,encephalopathy unspecified,none,-1.9513068991727778e-06
234,grand mal seizures unspecified with or without petit mal,none,-6.421071148565716e-06
235,other disorders of glycoprotein metabolism,none,-1.9065122103256726e-06
236,acute appendicitis other and unspecified,none,-9.341934188000778e-06
237,secondary malignant neoplasm of bone and bone marrow,none,-0.00018999521647344864
238,leptospirosis icterohaemorrhagica,none,-3.217752549744546e-06
239,water-transport-related drowning and submersion without accident to watercraft unspecified watercraft,none,-2.9158609677892855e-05
240,chronic lymphocytic leukaemia of b-cell type,none,-0.00056776844576234
241,malignant neoplasm overlapping lesion of stomach,stomach cancer,-2.340796626754127e-05
242,carotid artery syndrome hemispheric,cerebrovascular disease,-0.5760787569097232
243,vesical fistula not elsewhere classified,none,-1.7820574953475443e-05
244,benign neoplasm mediastinum,none,-1.8472836416094651e-06
245,peptic ulcer site unspecified chronic without haemorrhage or perforation,none,-7.374700544460211e-06
246,other specified complications of labour and delivery,none,-1.638490587652086e-06
247,bladder-neck obstruction,none,-0.014177711672985538
248,pedal cyclist injured in collision with fixed or stationary object driver injured in nontraffic accident,none,-2.392808315221373e-05
249,extranodal nk/t-cell lymphoma nasal type,none,-5.512236569416018e-06
250,urinary catheterization,none,-2.1897142516991153e-06
251,cardiac-stimulant glycosides and drugs of similar action,none,-0.003185762881315668
252,reye syndrome,none,-0.0009196286011956545
253,occupant of heavy transport vehicle injured in noncollision transport accident passenger injured in traffic accident,none,-1.2321279129423601e-05
254,myeloid leukaemia unspecified,acute myeloid leukemia,-0.4287577107717908
255,mental and behavioural disorders due to use of other stimulants including caffeine unspecified mental and behavioural disorder,none,-1.4496559685994725e-05
256,helminthiasis unspecified,none,-2.6217342394829757e-06
257,aneurysm of pulmonary artery,pulmonary disease,-0.4741307786121354
258,other specified respiratory conditions of newborn,none,-0.029761820275112427
259,malignant neoplasm nasopharynx unspecified,none,-0.016098941483107865
260,unspecified diabetes mellitus without complications,none,-2.383326901167493e-06
261,neoplasm of uncertain or unknown behaviour pituitary gland,none,-4.797014568680424e-06
262,malignant neoplasm liver cell carcinoma,none,-5.408213141322449e-06
263,atherosclerosis of arteries of extremities,ischaemic heart disease,-0.31421223181966695
264,hypoplastic left heart syndrome,none,-0.00043612223585398624
265,malignant neoplasm malignant neoplasm of skin unspecified,none,-3.316748664872193e-05
266,endotracheal tube wrongly placed during anaesthetic procedure,none,-1.2808795730734346e-06
267,actinomycetoma,none,-7.000416246683017e-07
268,disorders of meninges not elsewhere classified,none,-1.2064705998682257e-06
269,benign neoplasm liver,none,-3.0241399286978776e-06
270,disorders of vagus nerve,none,-1.0128579361889933e-06
271,neurofibromatosis nonmalignant,none,-1.593695898804981e-06
272,benign neoplasm skin unspecified,none,-1.4448779381837085e-06
273,driver of all-terrain or other off-road motor vehicle injured in traffic accident,none,-5.511490087428683e-06
274,intraductal carcinoma in situ,none,-0.0008334836730199413
275,prune belly syndrome,none,-3.620158167905174e-06
276,radiculopathy,none,-0.0011746952057336557
277,keratitis unspecified,none,-1.1320615982413074e-06
278,accident to watercraft causing other injury unspecified watercraft,none,-1.2808795730734346e-06
279,prepatellar bursitis,none,-8.192453009314704e-07
280,gastric ulcer unspecified as acute or chronic without haemorrhage or perforation,none,-0.023266371206844383
281,disorder of eye and adnexa unspecified,none,-1.4000832493366033e-06
282,acute nephritic syndrome unspecified,none,-1.4448779239728538e-06
283,whooping cough unspecified,none,-1.132061612452162e-06
284,embolism and thrombosis of other specified veins,none,-9.133140949302287e-06
285,accident to watercraft causing other injury merchant ship,none,-2.0257158865888414e-06
286,selective deficiency of immunoglobulin a [iga],none,-1.6285360985079933e-05
287,acne vulgaris,none,-1.4896725986091042e-06
288,hepatosplenic t-cell lymphoma,none,-0.0006516878276983107
289,cefalosporins and other beta-lactam antibiotics,none,-3.217752549744546e-06
290,rett syndrome,none,-1.0576526250360985e-06
291,other specified congenital musculoskeletal deformities,none,-1.6832852622883365e-06
292,other specified endocrine disorders,none,-9.384489629837844e-07
293,pathological dislocation and subluxation of joint not elsewhere classified,none,-8.089922417298112e-06
294,lichen simplex chronicus,none,-3.9777691966946804e-06
295,dorsalgia unspecified,none,-1.087266923605057e-06
296,other sphingolipidosis,none,-1.8024889101297958e-06
297,neoplasm of uncertain or unknown behaviour female genital organ unspecified,none,-1.0175613255114513e-05
298,malignant neoplasm malignant melanoma of lip,none,-0.002817398845152752
299,accident on board watercraft without accident to watercraft not causing drowning and submersion unspecified watercraft,none,-1.4377355967098993e-05
300,isomerism of atrial appendages,none,-0.0005603929988922118
301,mild hyperemesis gravidarum,none,-8.192453009314704e-07
302,malignant neoplasm malignant melanoma of ear and external auricular canal,none,-1.2410868606593795e-05
303,polymyalgia rheumatica,none,-8.192453009314704e-07
304,secondary malignant neoplasm unspecified site,none,-9.103526949161278e-06
305,toxoplasma meningoencephalitis,none,-1.0576526392469532e-06
306,polyostotic fibrous dysplasia,none,-1.2512652745044761e-06
307,other congenital deformities of chest,none,-1.012857950399848e-06
308,chronic obstructive pulmonary disease with acute exacerbation unspecified,pulmonary disease,-6.093074432556023e-06
309,cyst of kidney acquired,none,-9.814866558599533e-05
310,non-insulin-dependent diabetes mellitus with peripheral circulatory complications,none,-3.3665705103658183e-06
311,bacterial infection unspecified,none,-2.0408962484452786e-06
312,pulmonary heart disease unspecified,pulmonary disease,-0.14360859845876917
313,cyst of spleen,none,-1.012857950399848e-06
314,enterocolitis due to clostridium difficile,none,-9.680632473418882e-07
315,carcinoma in situ lip oral cavity and pharynx,oral cavity cancer,-1.2202822389895118e-05
316,motorcycle rider injured in noncollision transport accident driver injured in traffic accident,none,-1.0145999198130085e-05
317,anal abscess,none,-8.192453009314704e-07
318,acute respiratory failure,pulmonary disease,-0.0619953156652997
319,schizophrenia unspecified,none,-9.384489629837844e-07
320,progressive external ophthalmoplegia,none,-1.2960599491407265e-06
321,acute pancreatitis unspecified,none,-0.12695902545004856
322,disorders of hypoglossal nerve,none,-1.5192869113889174e-06
323,acute upper respiratory infection unspecified,none,-0.47409751965821556
324,pneumothorax unspecified,none,-0.002137807293451033
325,occupant of heavy transport vehicle injured in noncollision transport accident driver injured in traffic accident,none,-1.1993282370781344e-05
326,diverticulum of oesophagus acquired,none,-0.00018380029671050124
327,crest syndrome,none,-8.192453009314704e-07
328,late syphilis unspecified,none,-8.936542741366793e-07
329,acute cholecystitis,none,-1.519286925599772e-06
330,disorder of glycoprotein metabolism unspecified,none,-1.206470585657371e-06
331,cerebrospinal fluid leak,none,-1.012857950399848e-06
332,paralysis of vocal cords and larynx,larynx cancer,-0.6334505952802516
333,neoplasm of uncertain or unknown behaviour aortic body and other paraganglia,none,-1.2321279285743003e-05
334,progressive supranuclear ophthalmoplegia [steele-richardson-olszewski],none,-7.076318141230331e-06
335,other forms of scoliosis,none,-5.214600406588943e-06
336,meningismus,none,-0.00043719506909667416
337,traumatic arthropathy,none,-8.192453009314704e-07
338,interstitial and deep keratitis,none,-1.4448779381837085e-06
339,car occupant injured in collision with fixed or stationary object driver injured in nontraffic accident,none,-5.3482381332514706e-06
340,vitamin b12 deficiency anaemia due to intrinsic factor deficiency,none,-2.6961432126881846e-06
341,bus occupant injured in collision with car pick-up truck or van driver injured in traffic accident,none,-5.3178774379603055e-06
342,propionic acid derivatives,none,-1.7576942497044001e-06
343,influenza with other respiratory manifestations other influenza virus identified,none,-0.0005566824637668333
344,drug or medicament unspecified,none,-2.69614319847733e-06
345,lymphocyte-rich classical hodgkin lymphoma,none,-1.4870096904928687e-05
346,salmonella enteritis,none,-1.0846786594242985e-05
347,cellulitis unspecified,none,-2.0408963052886975e-06
348,neonatal cardiac failure,none,-0.0004946069517899332
349,intraspinal abscess and granuloma,none,-1.325674247709685e-06
350,panniculitis unspecified,none,-3.872252989367553e-07
351,status epilepticus unspecified,none,-1.132061612452162e-06
352,malignant neoplasm tail of pancreas,pancreatic cancer,-0.0001439451460072405
353,disorder of amino-acid metabolism unspecified,none,-1.132061612452162e-06
354,subarachnoid haemorrhage from other intracranial arteries,cerebrovascular disease,-0.47410397137693394
355,pedal cyclist injured in collision with heavy transport vehicle or bus driver injured in traffic accident,none,-1.762546935424325e-05
356,fetus and newborn affected by other maternal complications of pregnancy,none,-1.712899560857295e-06
357,aortic valve stenosis with insufficiency,none,-0.029780432172117344
358,other specified birth injuries,none,-9.680632473418882e-07
359,infarction of liver,none,-9.893157837836952e-06
360,pedal cyclist injured in collision with car pick-up truck or van passenger injured in traffic accident,none,-0.0005708525609122717
361,acute suppurative otitis media,none,-2.1600999247084474e-06
362,other hereditary ataxias,none,-8.192453009314704e-07
363,acute myocarditis unspecified,none,-0.0059379912371611
364,other severe and complicated plasmodium falciparum malaria,none,-2.636914601339413e-06
365,drug-induced polyneuropathy,none,-8.507508269417485e-06
366,mental and behavioural disorders due to use of volatile solvents harmful use,none,-3.7689762280024297e-06
367,congenital toxoplasmosis,none,-1.6088762890831276e-06
368,alcoholic liver disease unspecified,none,-4.2161765207993085e-06
369,malignant neoplasm overlapping lesion of accessory sinuses,none,-0.013092076580733192
370,congenital malformation of male genital organ unspecified,none,-3.694567254797221e-06
371,spondylolysis,none,-2.2345088979136563e-06
372,gastrojejunal ulcer unspecified as acute or chronic without haemorrhage or perforation,none,-0.0003440477432263833
373,septo-optic dysplasia,none,-1.3704689365567901e-06
374,inflammatory polyneuropathy unspecified,none,-2.472916236229139e-06
375,non-insulin-dependent diabetes mellitus with multiple complications,none,-1.7576942639152549e-06
376,enteropathy-type intestinal t-cell lymphoma,none,-1.6494154110091586e-05
377,flaccid tetraplegia,none,-1.3256742619205397e-06
378,malignant neoplasm parietal lobe,none,-1.8321032513313185e-06
379,malignant neoplasm parathyroid gland,none,-1.132061612452162e-06
380,tinea manuum,none,-1.2064705998682257e-06
381,malignant neoplasm cheek mucosa,oral cavity cancer,-0.0004928338508847219
382,other specified crystal arthropathies,none,-8.954708633268638e-06
383,deletions with other complex rearrangements,none,-2.070510547014237e-06
384,chronic inflammation of lacrimal passages,none,-0.00043788067652883456
385,atresia and stenosis of ureter,none,-1.8024889243406506e-06
386,cardiac arrest unspecified,ischaemic heart disease,-0.5759675941910132
387,other phakomatoses not elsewhere classified,none,-2.189714223277406e-06
388,malignant neoplasm vestibule of mouth,oral cavity cancer,-9.013937358304247e-06
389,infections of the genital tract in pregnancy,none,-3.7393618157466335e-06
390,benign neoplasm heart,none,-1.7128995466464403e-06
391,unspecified nephritic syndrome other,none,-2.82505214528328e-05
392,thromboangiitis obliterans [buerger],none,-0.00599295908470765
393,haemophilus influenzae infection unspecified site,none,-1.3256742761313944e-06
394,extreme immaturity,none,-1.1320616266630168e-06
395,pedestrian injured in traffic accident involving other and unspecified motor vehicles,none,-9.147575127599339e-06
396,hereditary hypogammaglobulinaemia,none,-8.34351020273516e-06
397,myoclonus,none,-7.000416246683017e-07
398,acute transmural myocardial infarction of anterior wall,ischaemic heart disease,-9.495977873541506e-05
399,car occupant injured in collision with heavy transport vehicle or bus passenger injured in traffic accident,none,-1.6091001683093964e-05
400,benign lipomatous neoplasm of skin and subcutaneous tissue of head face and neck,none,-2.8601415351658943e-06
401,antibody deficiency with near-normal immunoglobulins or with hyperimmunoglobulinaemia,none,-1.580779978382907e-05
402,phlebitis of portal vein,none,-2.085690923081529e-06
403,juvenile osteochondrosis of pelvis,none,-1.3704689507676449e-06
404,myocarditis unspecified,none,-0.0003835421441777953
405,other epilepsy,none,-5.808379484051329e-07
406,legal intervention means unspecified,none,-2.353712531544261e-06
407,persistent delusional disorder unspecified,none,-6.256326372522381e-07
408,osteochondrodysplasia unspecified,none,-0.00023855223459179342
409,encephalocele unspecified,none,-1.132061612452162e-06
410,urethral stricture unspecified,none,-3.44172580923896e-06
411,other bacterial sepsis of newborn,none,-1.087266923605057e-06
412,malignant neoplasm lower gum,oral cavity cancer,-2.1455913724821585e-05
413,chronic frontal sinusitis,none,-2.3985072061805113e-06
414,endocrine disorder unspecified,none,-1.012857950399848e-06
415,congenital malformation syndromes predominantly associated with short stature,none,-5.184239682876068e-06
416,specific isolated phobias,none,-1.4896725986091042e-06
417,other congenital malformations of spine not associated with scoliosis,none,-5.213854123553574e-06
418,multi-system degeneration,none,-1.4000832493366033e-06
419,other congenital malformations of pancreas and pancreatic duct,none,-7.941104271935728e-06
420,other chondrocalcinosis,none,-2.7561182349700175e-06
421,holoprosencephaly,none,-1.221651004357227e-06
422,occupant of three-wheeled motor vehicle injured in noncollision transport accident person injured while boarding or alighting,none,-1.0458815296487955e-05
423,carcinoma in situ rectum,colorectal cancer,-0.02978092385420439
424,malignant neoplasm upper lobe bronchus or lung,lung cancer,-2.0408962626561333e-06
425,other specified cerebrovascular diseases,cerebrovascular disease,-5.184986136441694e-06
426,sequelae of motor-vehicle accident,none,-2.6665288856975167e-06
427,other combined immunodeficiencies,none,-2.8504108982474463e-05
428,tetraplegia unspecified,none,-5.808379484051329e-07
429,chagas disease chronic with nervous system involvement,none,-2.576939536425016e-06
430,unspecified motorcycle rider injured in collision with other and unspecified motor vehicles in nontraffic accident,none,-1.42133575451453e-05
431,sickle-cell trait,none,-5.808379484051329e-07
432,ulcerative chronic rectosigmoiditis,none,-7.776483455756988e-05
433,mucopolysaccharidosis type ii,none,-2.5328912300892625e-06
434,intracranial haemorrhage nontraumatic unspecified,cerebrovascular disease,-0.20144306077217777
435,haemolytic-uraemic syndrome,none,-3.872252989367553e-07
436,polyclonal hypergammaglobulinaemia,none,-1.132061612452162e-06
437,sudden cardiac death so described,ischaemic heart disease,-0.386962741141744
438,sarcoidosis of other and combined sites,none,-0.0015038495687491604
439,wernicke encephalopathy,none,-5.808379484051329e-07
440,chronic ischaemic heart disease unspecified,ischaemic heart disease,-1.2512652745044761e-06
441,disease of spleen unspecified,none,-3.872252989367553e-07
442,other giant cell arteritis,none,-0.001705323955974336
443,disorder of facial nerve unspecified,none,-1.012857950399848e-06
444,adenovirus infection unspecified site,none,-0.0008145341918748272
445,malignant neoplasm caecum,colorectal cancer,-0.00026567121467735433
446,aplastic anaemia unspecified,none,-9.83126639226839e-05
447,toxic liver disease with hepatitis not elsewhere classified,none,-2.3089178995405746e-06
448,intracranial nontraumatic haemorrhage of fetus and newborn unspecified,none,-4.677810878206401e-06
449,adult-onset still disease,none,-3.4561598880600286e-06
450,other congenital hydrocephalus,none,-1.2064705998682257e-06
451,acquired pure red cell aplasia unspecified,none,-1.6088762606614182e-06
452,pyogenic granuloma,none,-1.683285233866627e-06
453,monocytic leukaemia unspecified,acute myeloid leukemia,-0.2254888851250314
454,occupant of pick-up truck or van injured in collision with heavy transport vehicle or bus passenger injured in traffic accident,none,-3.106512292561092e-05
455,occupant of three-wheeled motor vehicle injured in collision with car pick-up truck or van person injured while boarding or alighting,none,-3.930535555696224e-05
456,pseudosarcomatous fibromatosis,none,-0.0011810722340328539
457,sequelae of other and unspecified cerebrovascular diseases,cerebrovascular disease,-6.344521837320372e-05
458,water-transport-related drowning and submersion without accident to watercraft merchant ship,none,-7.449109361346018e-06
459,thanatophoric short stature,none,-7.744505978735106e-07
460,behcet disease,none,-2.711323560333767e-06
461,malignant neoplasm trigone of bladder,bladder cancer,-4.364994595107419e-06
462,malignent histiocytosis - from 2008 classification,none,-0.0014090755526581233
463,female acute pelvic peritonitis,none,-2.2345088979136563e-06
464,hiv disease resulting in other types of non-hodgkin lymphoma,none,-1.3552885462786435e-06
465,schizoaffective disorder unspecified,none,-1.206470585657371e-06
466,legionnaires disease,none,-2.1449195486411554e-06
467,cerebral arteritis not elsewhere classified,cerebrovascular disease,-0.4287674398648278
468,asthma unspecified,pulmonary disease,-0.2014296644346416
469,blindness binocular,none,-5.808379484051329e-07
470,person on outside of special construction vehicle injured in nontraffic accident,none,-2.30891788532972e-06
471,small kidney unspecified,none,-0.023259691575475472
472,urethral fistula,none,-1.1320615982413074e-06
473,malignant neoplasm vertebral column,none,-1.0576526108252438e-06
474,small kidney bilateral,none,-2.0560765818800064e-06
475,other tricuspid valve diseases,none,-0.06209723589941518
476,fetus and newborn affected by oligohydramnios,none,-1.1320615982413074e-06
477,immobility syndrome paraplegic,none,-6.138615304962514e-06
478,other diseases of tongue,none,-0.02631849752914661
479,acute pericarditis unspecified,none,-0.00034113916007072476
480,car occupant injured in noncollision transport accident driver injured in traffic accident,none,-0.001046652442127538
481,nephropathy induced by unspecified drug medicament or biological substance,none,-9.729159515359243e-06
482,echinococcosis unspecified of liver,none,-1.5640815860251678e-06
483,arthritis and polyarthritis due to other specified bacterial agents,none,-1.2808795730734346e-06
484,dressler syndrome,none,-0.00030416665875065974
485,other specified diseases and conditions complicating pregnancy childbirth and the puerperium,none,-1.8431027200449535e-05
486,parenteral anaesthetics,none,-2.115305250072197e-06
487,congenital mitral stenosis,none,-1.8024889243406506e-06
488,diaphragmatic hernia with obstruction without gangrene,none,-2.4281216042254528e-06
489,cardiomyopathy due to drugs and other external agents,none,-0.00022837512064199927
490,situs inversus,none,-1.8768978833350047e-06
491,malignant neoplasm penis unspecified,none,-6.436251496211298e-06
492,other diseases of vocal cords,none,-0.03853406635911938
493,neoplasm of uncertain or unknown behaviour central nervous system unspecified,none,-5.437827383047988e-06
494,other specified diseases of biliary tract,none,-6.1682296887966e-06
495,noninflammatory disorder of vagina unspecified,none,-7.000416246683017e-07
496,pulmonary embolism without mention of acute cor pulmonale,none,-0.34849160823202396
497,acromegaly and pituitary gigantism,none,-1.7576942497044001e-06
498,hereditary nephropathy not elsewhere classified diffuse mesangiocapillary glomerulonephritis,none,-1.4974120830402171e-05
499,malignant neoplasm peripheral nerves of lower limb including hip,none,-7.866695426628212e-06
500,catatonic schizophrenia,none,-1.4448779239728538e-06
501,malignant neoplasm laryngeal cartilage,larynx cancer,-0.00016715657706356524
502,mucinosis of skin,none,-1.012857950399848e-06
503,unspecified occupant of special construction vehicle injured in nontraffic accident,none,-9.639570322406144e-06
504,erythrasma,none,-0.0008166350098974817
505,malignant neoplasm corpus uteri unspecified,none,-2.3537125883876797e-06
506,fever unspecified,none,-1.012857950399848e-06
507,unspecified occupant of special industrial vehicle injured in nontraffic accident,none,-6.585069357356588e-06
508,histiocytic and mast cell tumours of uncertain and unknown behaviour,none,-6.644298139235616e-06
509,hodgkin lymphoma unspecified,none,-5.617006280544956e-06
510,war operations involving firearm discharge and other forms of conventional warfare,none,-6.331481699817232e-06
511,hiv disease resulting in unspecified malignant neoplasm,none,-2.264123224904324e-06
512,benign neoplasm skin of lower limb including hip,none,-2.1449195486411554e-06
513,chronic maxillary sinusitis,none,-4.380174772222745e-06
514,malignant neoplasm connective and soft tissue of abdomen,none,-2.725757511257143e-06
515,malformations of aqueduct of sylvius,none,-5.273829188467971e-06
516,acute disseminated demyelination unspecified,none,-0.0009280321503553068
517,by unspecified person,none,-2.3537125883876797e-06
518,dermatitis unspecified,none,-9.384489629837844e-07
519,pneumonia due to other streptococci,none,-0.026323687637074045
520,ulcerative chronic proctitis,none,-8.239486689376463e-06
521,inflammatory polyarthropathy,none,-4.8569894346428555e-06
522,hepatitis a without hepatic coma,none,-2.0408962484452786e-06
523,other retinal artery occlusions,none,-0.0032693108579024965
524,localization-related focalpartial symptomatic epilepsy and epileptic syndromes with complex partial seizures,none,-0.00014289334123418485
525,mitochondrial myopathy not elsewhere classified,none,-4.111406880724644e-06
526,byssinosis,none,-0.0011832105598443832
527,other myositis,none,-2.8305272792295e-06
528,shock therapy,none,-1.5640816002360225e-06
529,essential haemorrhagic thrombocythaemia,none,-1.8024889101297958e-06
530,malignant neoplasm eye unspecified,none,-9.384489629837844e-07
531,other cystitis,none,-0.020545817809178857
532,benign neoplasm aortic body and other paraganglia,none,-1.4448779381837085e-06
533,other spontaneous pneumothorax,none,-0.179776370320468
534,malignant neoplasm lateral wall of nasopharynx,none,-0.043295673338235474
535,toxic erythema,none,-7.000416246683017e-07
536,other psoriasis,none,-3.872252989367553e-07
537,malignant neoplasm cerebral ventricle,none,-1.012857950399848e-06
538,multifocal fibrosclerosis,none,-9.680632473418882e-07
539,stage iii decubitus ulcer and pressure area from 2014 onwards,none,-3.1513068918798126e-05
540,sepsis of newborn due to other and unspecified streptococci,none,-0.001044328338494438
541,helicopter accident injuring occupant,none,-2.1600999673410115e-06
542,other congenital malformations of bladder and urethra,none,-4.335380097586494e-06
543,car occupant injured in collision with heavy transport vehicle or bus driver injured in nontraffic accident,none,-1.0369226131956566e-05
544,drug-induced cushing syndrome,none,-2.383326886956638e-06
545,malignant neoplasm body of stomach,stomach cancer,-3.575363535901488e-06
546,antimalarials and drugs acting on other blood protozoa,none,-3.0089595242088762e-06
547,other noninflammatory disorders of ovary fallopian tube and broad ligament,none,-3.6609212457960894e-05
548,local infection of skin and subcutaneous tissue unspecified,none,-2.4281215758037433e-06
549,malignant neoplasm ill-defined sites within the digestive system,none,-0.017109712533752486
550,kyphoscoliotic heart disease,none,-0.055026623641467154
551,benign neoplasm other specified intrathoracic organs,none,-8.417919033831822e-06
552,occupant of streetcar injured by fall from streetcar,none,-0.0005083298065784447
553,occupant [any] of heavy transport vehicle injured in unspecified traffic accident,none,-4.9162181312567554e-06
554,carcinoma in situ other specified digestive organs,none,-0.003331616227612244
555,occupant of heavy transport vehicle injured in noncollision transport accident unspecified occupant of heavy transport vehicle injured in traffic accident,none,-2.057520003972968e-05
556,malignant neoplasm malignant melanoma of scalp and neck,none,-3.694567197953802e-06
557,other congenital malformations of anterior segment of eye,none,-3.7841564477503198e-06
558,infective pericarditis,none,-1.2512652887153308e-06
559,hairy-cell leukaemia,none,-0.002478571386745898
560,pedal cyclist injured in collision with other pedal cycle driver injured in traffic accident,none,-6.361096126283883e-06
561,neoplasm of uncertain or unknown behaviour renal pelvis,none,-0.07895033695236009
562,dextrocardia,none,-1.4448779239728538e-06
563,neuronal ceroid lipofuscinosis,none,-1.8024889243406506e-06
564,schistosomiasis due to schistosoma haematobium [urinary schistosomiasis],none,-0.0004394895518942121
565,insulin-dependent diabetes mellitus with ketoacidosis,none,-3.024139914487023e-06
566,carcinoma in situ bronchus and lung,lung cancer,-0.0003972649810606299
567,spinal stenosis,none,-8.192453009314704e-07
568,conjunctivitis unspecified,none,-8.192452867206157e-07
569,acute rheumatic heart disease unspecified,none,-0.0003826218104450163
570,fatigue fracture of vertebra,none,-1.728079979557151e-06
571,cellulitis and abscess of mouth,none,-0.0003821001729704676
572,neoplasm of uncertain or unknown behaviour parathyroid gland,none,-6.868271555049432e-06
573,parachutist injured in air transport accident,none,-4.305765756384972e-06
574,hereditary factor xi deficiency,none,-1.6088762606614182e-06
575,myoneural disorder unspecified,none,-2.0408963052886975e-06
576,other specified diseases of oesophagus,none,-0.1606885143253436
577,other delirium,none,-3.0241398718544588e-06
578,polycystic kidney autosomal dominant,none,-2.2793035725499067e-06
579,car occupant injured in collision with railway train or railway vehicle driver injured in nontraffic accident,none,-6.972294741558471e-06
580,mental and behavioural disorders due to multiple drug use and use of other psychoactive substances withdrawal state with delirium,none,-1.550941702532782e-05
581,other deletions of part of a chromosome,none,-1.4448779239728538e-06
582,other orthopoxvirus infections,none,-1.996101573809028e-06
583,endometriosis unspecified,none,-8.192453009314704e-07
584,thoracic spina bifida with hydrocephalus,none,-1.9065122103256726e-06
585,other congenital malformations of ureter,none,-8.999503478435145e-06
586,kaposi sarcoma of skin,none,-3.4113651850020688e-06
587,hang-glider accident injuring occupant,none,-1.9961015595981735e-06
588,other restrictive cardiomyopathy,none,-0.0006440435426924296
589,malignant neoplasm liver unspecified,none,-3.262547181748232e-06
590,malignant neoplasm skin of ear and external auricular canal,none,-1.4448779381837085e-06
591,congenital malformations of lips not elsewhere classified,none,-1.6384905734412314e-06
592,arthropathic psoriasis,none,-1.132061612452162e-06
593,chronic nephritic syndrome diffuse mesangiocapillary glomerulonephritis,none,-7.028462047742323e-05
594,anencephaly,none,-1.3704689365567901e-06
595,cervical root disorders not elsewhere classified,none,-5.808379484051329e-07
596,other female intestinal-genital tract fistulae,none,-1.5192869113889174e-06
597,discordant atrioventricular connection,none,-1.012857950399848e-06
598,enlarged lymph nodes unspecified,none,-8.936542741366793e-07
599,refsum disease,none,-1.728079979557151e-06
600,malignant neoplasm bones of skull and face,none,-6.317047862580694e-06
601,rh isoimmunization of fetus and newborn,none,-1.1768563012992672e-06
602,malignant neoplasm larynx unspecified,larynx cancer,-7.000416246683017e-07
603,malignant neoplasm body of penis,none,-3.872252989367553e-07
604,congenital myopathies,none,-3.872252989367553e-07
605,benign neoplasm bones of skull and face,none,-1.2064705998682257e-06
606,disorder of bone unspecified,none,-1.9361264946837764e-07
607,supraventricular tachycardia,none,-0.00012514133297258923
608,influenza with pneumonia virus not identified,none,-0.0006278630522729145
609,pulmonary nocardiosis,none,-0.016040892856167943
610,insulin-dependent diabetes mellitus with other specified complications,none,-5.273829160046262e-06
611,embolism and thrombosis of unspecified vein,none,-2.3985072346022207e-06
612,constitutional aplastic anaemia,none,-0.0007230850813755296
613,neonatal candidiasis,none,-1.966487261029215e-06
614,neoplasm of uncertain or unknown behaviour liver gallbladder and bile ducts,none,-7.64272205344696e-06
615,secondary parkinsonism unspecified,none,-1.7576942497044001e-06
616,malignant neoplasm labium majus,none,-8.686910959454508e-05
617,malignant neoplasm tongue unspecified,oral cavity cancer,-4.954318400507418e-05
618,other juvenile arthritis,none,-8.192453009314704e-07
619,myositis ossificans progressiva,none,-8.192452867206157e-07
620,degeneration of macula and posterior pole,none,-3.67938682188651e-06
621,neoplasm of uncertain or unknown behaviour ureter,none,-0.00034376455343476664
622,meningococcal infection unspecified,none,-1.012857950399848e-06
623,bird fancier lung,none,-0.02325868331152492
624,other impaction of intestine,none,-0.000560035388289748
625,abnormal uterine and vaginal bleeding unspecified,none,-1.206470585657371e-06
626,other lack of expected normal physiological development,none,-1.0128579361889933e-06
627,aortic aneurysm of unspecified site ruptured,none,-0.0030405397860846506
628,leiomyoma of uterus unspecified,none,-3.872252989367553e-07
629,sequelae of subarachnoid haemorrhage,cerebrovascular disease,-0.6931905288856086
630,acute myelofibrosis - from 2008 classification,none,-0.0009213263409009187
631,cerebral atherosclerosis,cerebrovascular disease,-0.0072896958668167144
632,malignant neoplasm anal canal,none,-0.00043858072088198696
633,cystocele,none,-1.4448779381837085e-06
634,follicular lymphoma unspecified,none,-6.85861548106459e-05
635,unspecified motorcycle rider injured in collision with other and unspecified motor vehicles in traffic accident,none,-1.972634028390985e-05
636,disorders of diaphragm,none,-0.0010521661653939418
637,mitral stenosis,none,-1.1845210622141167e-05
638,nonrheumatic mitral valve disorder unspecified,none,-2.4729162646508485e-06
639,malignant neoplasm overlapping lesion of small intestine,none,-0.00018210182786049245
640,hypertensive renal disease without renal failure,none,-8.539387056316627e-05
641,benign neoplasm connective and other soft tissue of pelvis,none,-2.815346903162208e-06
642,duplications with other complex rearrangements,none,-2.6513485096302247e-06
643,arnold-chiari syndrome,none,-1.2960599491407265e-06
644,driver of special agricultural vehicle injured in nontraffic accident,none,-2.5921199267031625e-06
645,sleep disorder unspecified,none,-1.1320616266630168e-06
646,bursopathy unspecified,none,-1.996101573809028e-06
647,acute laryngotracheitis,none,-2.7409378731135803e-06
648,renal dysplasia,none,-2.2345089263353657e-06
649,tuberculous meningitis,none,-1.9361264946837764e-07
650,sepsis due to anaerobes,none,-1.9361264946837764e-07
651,other childhood disintegrative disorder,none,-7.000416246683017e-07
652,motorcycle rider [any] injured in unspecified nontraffic accident,none,-5.482622228214495e-06
653,malignant neoplasm of other and ill-defined sites other ill-defined sites,none,-5.4534556156227154e-05
654,chronic viral hepatitis b without delta-agent,none,-1.5192868971780626e-06
655,bus occupant injured in noncollision transport accident person on outside of vehicle injured in nontraffic accident,none,-3.124430089940233e-05
656,neonatal aspiration syndrome unspecified,none,-9.384489487729297e-07
657,other specified intervertebral disc displacement,none,-5.808379484051329e-07
658,alcoholic gastritis,none,-5.304189841126572e-06
659,renal hypoplasia bilateral,none,-9.384489487729297e-07
660,other forms of aspergillosis,none,-0.0006518526492698129
661,secondary malignant neoplasm of other and unspecified digestive organs,none,-0.05514223380643557
662,water-transport-related drowning and submersion without accident to watercraft other unpowered watercraft,none,-8.373124359195572e-06
663,sinus fistula and cyst of branchial cleft,none,-2.234508912124511e-06
664,haemoptysis,pulmonary disease,-0.14349493281586945
665,porphyria cutanea tarda,none,-1.0027541449630917e-05
666,malignant neoplasm lingual tonsil,oral cavity cancer,-0.0036857156638632205
667,chronic mastoiditis,none,-1.087266923605057e-06
668,malignant neoplasm frontal sinus,none,-0.06218611747689806
669,congenital absence atresia and stenosis of small intestine part unspecified,none,-5.944256528778169e-06
670,acute pharyngitis due to other specified organisms,none,-2.860141549376749e-06
671,sickle-cell anaemia with crisis,none,-2.3833268585349288e-06
672,malignant neoplasm extrahepatic bile duct,none,-0.0005660699804082014
673,sciatica,none,-1.5640816002360225e-06
674,invasive pulmonary aspergillosis,none,-0.0010348519205791717
675,contaminated medical or biological substance transfused or infused,none,-2.2345089263353657e-06
676,chondroectodermal dysplasia,none,-1.4000832493366033e-06
677,gout unspecified,none,-1.6384905734412314e-06
678,pemphigoid unspecified,none,-7.000416246683017e-07
679,other gonococcal infections,none,-1.087266923605057e-06
680,malignant neoplasm sigmoid colon,colorectal cancer,-5.959436705893495e-06
681,iron deficiency,none,-1.4000832351257486e-06
682,malignant neoplasm peritoneum unspecified,none,-4.573787549588815e-06
683,chagas disease chronic with heart involvement,none,-3.8585655772749305e-06
684,other specified disorders of central nervous system,none,-0.0015117019185311165
685,idiopathic acute pancreatitis,none,-0.6326497784327216
686,central haemorrhagic necrosis of liver,none,-1.5640816002360225e-06
687,drug-induced acute pancreatitis,none,-0.00020467244691246833
688,eating disorder unspecified,none,-1.206470585657371e-06
689,chronic atrial fibrillation from 2014 onwards,none,-0.22561927024948147
690,other specified disorders of gingiva and edentulous alveolar ridge,none,-0.029772760605055737
691,adenoviral enteritis,none,-1.519286925599772e-06
692,other surgical procedures,none,-2.4281215615928886e-06
693,other forms of systemic lupus erythematosus,none,-5.393032751044302e-06
694,accident to commercial fixed-wing aircraft injuring occupant,none,-2.815346860529644e-06
695,heart disease unspecified,ischaemic heart disease,-0.08897644902398838
696,occupant of pick-up truck or van injured in noncollision transport accident unspecified occupant of pick-up truck or van injured in traffic accident,none,-0.0009225927659883837
697,neoplasm of uncertain or unknown behaviour respiratory organ unspecified,none,-0.13073418927660896
698,primary atelectasis of newborn,none,-0.00033616587286644517
699,labour and delivery complicated by fetal stress unspecified,none,-1.5192869113889174e-06
700,macroglossia,none,-1.0576526250360985e-06
701,irritable bowel syndrome without diarrhoea,none,-1.8768979259675689e-06
702,enteroptosis,none,-3.9515642043852495e-05
703,infective myositis,none,-1.1616758968102658e-06
704,mitral valve disease unspecified,none,-0.00014348351999160514
705,systemic antibiotic unspecified,none,-2.234508954757075e-06
706,sepsis unspecified,none,-1.0128579361889933e-06
707,unspecified osteoporosis with pathological fracture,none,-3.1137292779703785e-06
708,other congenital malformations of aortic and mitral valves,none,-0.0006379058212075961
709,other histiocytosis syndromes,none,-2.1153052358613422e-06
710,nontoxic multinodular goitre,none,-2.085690923081529e-06
711,disorders of magnesium metabolism,none,-9.384489771946392e-07
712,spinal muscular atrophy unspecified,none,-1.593695898804981e-06
713,diverticular disease of small intestine without perforation or abscess,none,-6.241892450020714e-06
714,acute appendicitis unspecified - from 2008 classification,none,-1.0742017309439689e-05
715,sarcoidosis unspecified,none,-8.030693635419084e-06
